<?xml version="1.0" encoding="UTF-8"?>
<project-private xmlns="http://www.netbeans.org/ns/project-private/1">
    <editor-bookmarks xmlns="http://www.netbeans.org/ns/editor-bookmarks/2" lastBookmarkId="0"/>
    <open-files xmlns="http://www.netbeans.org/ns/projectui-open-files/2">
        <group>
            <file>file:/D:/Desktop/4th%20Year,%201st%20Sem/CS%20123/Final%20Project/CS123-Project-master/CS123_GUI/src/Login.java</file>
            <file>file:/D:/Desktop/4th%20Year,%201st%20Sem/CS%20123/Final%20Project/CS123-Project-master/CS123_GUI/src/Invoice.java</file>
        </group>
    </open-files>
</project-private>
